"","Model","LoadTime","AvgPredictionTime","AvgScore","ModelSize"
"1","KatzBackOffModel",1.54462504386902,2.23378059864044,0.206240757172434,"348.7 Mb"
"2","KatzBackOffModelOptimized",1.33852410316467,1.62865779399872,0.207128068618752,"307.9 Mb"
"3","SimpleBackOffModel",1.17269706726074,0.476352500915527,0.211024038073728,"182.7 Mb"
"4","SimpleBackOffModelOptimized",0.884783983230591,0.338001608848572,0.211024038073728,"152.9 Mb"
